{
    "loss": 0.2887549102306366,
    "accuracy": 0.8894230723381042
}